config,label,seed,iterations,final_coverage,max_depth,coverage_auc,depth_auc,unique_crashes,total_crashes,final_corpus_size,elapsed_time_s,exec_rate,t15,t16,t17,t18,t19,scheduler_type,mutation_policy,donor_policy,enable_splicing,enable_frontier,frontier_rate_mode,initial_rate,final_frontier_rate,rate_changes_count,delimiter_mode,active_delimiter,delimiter_confidence,delimiter_reason,frontier_attempts,frontier_cov_discoveries,frontier_depth_discoveries
A_random_baseline,A: Random Baseline (No Frontier),101,25000,64,16,1498987.5,383588.0,0,0,29,13.71,1823.8,2074,14339,,,,random,fixed,random,False,False,fixed,0.0,0.0,0,static,|,1.0,configured_static,0,0,0
A_random_baseline,A: Random Baseline (No Frontier),202,25000,61,14,1443464.0,350000.0,133,140,28,16.88,1480.9,,,,,,random,fixed,random,False,False,fixed,0.0,0.0,0,static,|,1.0,configured_static,0,0,0
A_random_baseline,A: Random Baseline (No Frontier),303,25000,61,14,1492362.0,350000.0,282,343,27,19.95,1253.2,,,,,,random,fixed,random,False,False,fixed,0.0,0.0,0,static,|,1.0,configured_static,0,0,0
A_random_baseline,A: Random Baseline (No Frontier),404,25000,62,16,1495147.5,386773.0,304,379,28,20.02,1248.8,839,12389,,,,random,fixed,random,False,False,fixed,0.0,0.0,0,static,|,1.0,configured_static,0,0,0
A_random_baseline,A: Random Baseline (No Frontier),505,25000,61,14,1487219.0,350000.0,221,263,29,18.53,1349.4,,,,,,random,fixed,random,False,False,fixed,0.0,0.0,0,static,|,1.0,configured_static,0,0,0
B_neurofuzz_no_frontier,B: NeuroFuzz No Frontier (Pre-Frontier Full),101,25000,65,14,1531695.0,350000.0,490,973,32,51.47,485.8,,,,,,linear_bandit,contextual,compatible,True,False,fixed,0.0,0.0,0,static,|,1.0,configured_static,0,0,0
B_neurofuzz_no_frontier,B: NeuroFuzz No Frontier (Pre-Frontier Full),202,25000,63,15,1517971.0,363884.5,402,587,29,41.19,606.9,11116,,,,,linear_bandit,contextual,compatible,True,False,fixed,0.0,0.0,0,static,|,1.0,configured_static,0,0,0
B_neurofuzz_no_frontier,B: NeuroFuzz No Frontier (Pre-Frontier Full),303,25000,63,15,1529101.0,373520.5,0,0,31,30.06,831.7,1480,,,,,linear_bandit,contextual,compatible,True,False,fixed,0.0,0.0,0,static,|,1.0,configured_static,0,0,0
B_neurofuzz_no_frontier,B: NeuroFuzz No Frontier (Pre-Frontier Full),404,25000,65,16,1603015.0,393627.0,0,0,30,27.7,902.5,1754,4620,,,,linear_bandit,contextual,compatible,True,False,fixed,0.0,0.0,0,static,|,1.0,configured_static,0,0,0
B_neurofuzz_no_frontier,B: NeuroFuzz No Frontier (Pre-Frontier Full),505,25000,68,16,1577126.5,389997.0,194,387,33,37.11,673.7,3453,6551,,,,linear_bandit,contextual,compatible,True,False,fixed,0.0,0.0,0,static,|,1.0,configured_static,0,0,0
C_neurofuzz_full_fixed,C: NeuroFuzz Full (Fixed Frontier 0.20),101,25000,73,19,1656681.0,473782.5,213,453,33,47.53,526.0,86,173,261,350,350,linear_bandit,contextual,compatible,True,True,fixed,0.2,0.2,0,static,|,1.0,configured_static,1432,9,4
C_neurofuzz_full_fixed,C: NeuroFuzz Full (Fixed Frontier 0.20),202,25000,70,19,1712401.5,473782.5,32,138,32,51.58,484.7,86,173,261,350,350,linear_bandit,contextual,compatible,True,True,fixed,0.2,0.2,0,static,|,1.0,configured_static,1432,9,4
C_neurofuzz_full_fixed,C: NeuroFuzz Full (Fixed Frontier 0.20),303,25000,74,19,1736466.5,473782.5,324,613,35,58.15,429.9,86,173,261,350,350,linear_bandit,contextual,compatible,True,True,fixed,0.2,0.2,0,static,|,1.0,configured_static,1432,11,4
C_neurofuzz_full_fixed,C: NeuroFuzz Full (Fixed Frontier 0.20),404,25000,71,19,1667363.0,473782.5,47,200,33,36.57,683.5,86,173,261,350,350,linear_bandit,contextual,compatible,True,True,fixed,0.2,0.2,0,static,|,1.0,configured_static,1432,9,4
C_neurofuzz_full_fixed,C: NeuroFuzz Full (Fixed Frontier 0.20),505,25000,72,19,1725164.5,473782.5,56,277,34,39.07,639.9,86,173,261,350,350,linear_bandit,contextual,compatible,True,True,fixed,0.2,0.2,0,static,|,1.0,configured_static,1432,10,4
D_neurofuzz_full_adaptive,D: NeuroFuzz Full Adaptive (Parent Full System),101,25000,74,19,1706609.5,473782.5,170,465,35,44.56,561.0,86,173,261,350,350,linear_bandit,contextual,compatible,True,True,adaptive,0.2,0.02,37,static,|,1.0,configured_static,1207,9,4
D_neurofuzz_full_adaptive,D: NeuroFuzz Full Adaptive (Parent Full System),202,25000,73,19,1703561.0,473782.5,133,328,34,45.92,544.4,86,173,261,350,350,linear_bandit,contextual,compatible,True,True,adaptive,0.2,0.02,37,static,|,1.0,configured_static,1149,9,4
D_neurofuzz_full_adaptive,D: NeuroFuzz Full Adaptive (Parent Full System),303,25000,76,19,1787554.5,473782.5,248,527,37,45.7,547.1,86,173,261,350,350,linear_bandit,contextual,compatible,True,True,adaptive,0.2,0.02,37,static,|,1.0,configured_static,1191,9,4
D_neurofuzz_full_adaptive,D: NeuroFuzz Full Adaptive (Parent Full System),404,25000,72,19,1731386.5,473782.5,52,216,34,39.81,628.0,86,173,261,350,350,linear_bandit,contextual,compatible,True,True,adaptive,0.2,0.02,37,static,|,1.0,configured_static,1218,9,4
D_neurofuzz_full_adaptive,D: NeuroFuzz Full Adaptive (Parent Full System),505,25000,67,19,1599304.0,473782.5,49,306,29,41.83,597.6,86,173,261,350,350,linear_bandit,contextual,compatible,True,True,adaptive,0.2,0.02,37,static,|,1.0,configured_static,1168,9,4
E_random_frontier,E: Random Frontier (Random Sched/Mut + Frontier ON),101,25000,72,19,1734759.5,473782.5,332,386,33,27.17,920.3,86,173,261,350,350,random,fixed,random,True,True,fixed,0.2,0.2,0,static,|,1.0,configured_static,1432,9,4
E_random_frontier,E: Random Frontier (Random Sched/Mut + Frontier ON),202,25000,72,19,1761188.5,473782.5,359,422,33,27.69,902.8,86,173,261,350,350,random,fixed,random,True,True,fixed,0.2,0.2,0,static,|,1.0,configured_static,1432,9,4
E_random_frontier,E: Random Frontier (Random Sched/Mut + Frontier ON),303,25000,72,19,1677687.5,473782.5,157,187,33,23.11,1081.6,86,173,261,350,350,random,fixed,random,True,True,fixed,0.2,0.2,0,static,|,1.0,configured_static,1432,9,4
E_random_frontier,E: Random Frontier (Random Sched/Mut + Frontier ON),404,25000,72,19,1725796.5,473782.5,350,418,32,26.88,930.1,86,173,261,350,350,random,fixed,random,True,True,fixed,0.2,0.2,0,static,|,1.0,configured_static,1432,9,4
E_random_frontier,E: Random Frontier (Random Sched/Mut + Frontier ON),505,25000,72,19,1704123.5,473782.5,261,301,33,24.88,1004.7,86,173,261,350,350,random,fixed,random,True,True,fixed,0.2,0.2,0,static,|,1.0,configured_static,1432,9,4
F_no_seed_learning,F: Ablate Seed Learning (Random Sched + Full),101,25000,70,19,1715959.5,473782.5,56,245,32,26.86,930.7,86,173,261,350,350,random,contextual,compatible,True,True,adaptive,0.2,0.02,37,static,|,1.0,configured_static,1238,9,4
F_no_seed_learning,F: Ablate Seed Learning (Random Sched + Full),202,25000,73,19,1781367.0,473782.5,259,375,34,28.61,873.7,86,173,261,350,350,random,contextual,compatible,True,True,adaptive,0.2,0.02,37,static,|,1.0,configured_static,1179,9,4
F_no_seed_learning,F: Ablate Seed Learning (Random Sched + Full),303,25000,73,19,1727710.0,473782.5,92,241,34,26.12,957.1,86,173,261,350,350,random,contextual,compatible,True,True,adaptive,0.2,0.02,37,static,|,1.0,configured_static,1191,9,4
F_no_seed_learning,F: Ablate Seed Learning (Random Sched + Full),404,25000,74,19,1793574.5,473782.5,239,449,35,30.94,808.1,86,173,261,350,350,random,contextual,compatible,True,True,adaptive,0.2,0.02,37,static,|,1.0,configured_static,1192,9,4
F_no_seed_learning,F: Ablate Seed Learning (Random Sched + Full),505,25000,73,19,1773406.0,473782.5,303,488,33,30.81,811.4,86,173,261,350,350,random,contextual,compatible,True,True,adaptive,0.2,0.02,37,static,|,1.0,configured_static,1158,9,4
G_no_contextual_mutation,G: Ablate Contextual Mutation (Fixed Mut + Full),101,25000,72,19,1745273.5,473782.5,339,396,33,44.1,566.9,86,173,261,350,350,linear_bandit,fixed,compatible,True,True,adaptive,0.2,0.02,37,static,|,1.0,configured_static,1176,9,4
G_no_contextual_mutation,G: Ablate Contextual Mutation (Fixed Mut + Full),202,25000,68,19,1667902.5,473782.5,40,43,30,39.81,627.9,86,173,261,350,350,linear_bandit,fixed,compatible,True,True,adaptive,0.2,0.02,37,static,|,1.0,configured_static,1195,9,4
G_no_contextual_mutation,G: Ablate Contextual Mutation (Fixed Mut + Full),303,25000,72,19,1732573.5,473782.5,503,617,33,48.92,511.0,86,173,261,350,350,linear_bandit,fixed,compatible,True,True,adaptive,0.2,0.02,37,static,|,1.0,configured_static,1175,9,4
G_no_contextual_mutation,G: Ablate Contextual Mutation (Fixed Mut + Full),404,25000,71,19,1648964.0,473782.5,223,268,32,39.04,640.4,86,173,261,350,350,linear_bandit,fixed,compatible,True,True,adaptive,0.2,0.02,37,static,|,1.0,configured_static,1190,9,4
G_no_contextual_mutation,G: Ablate Contextual Mutation (Fixed Mut + Full),505,25000,72,19,1717980.5,473782.5,205,240,33,46.55,537.1,86,173,261,350,350,linear_bandit,fixed,compatible,True,True,adaptive,0.2,0.02,37,static,|,1.0,configured_static,1180,9,4
H_no_compatible_donor,H: Ablate Compatible Donor (Random Donor + Full),101,25000,70,19,1681766.5,473782.5,49,58,32,37.23,671.5,86,173,261,350,350,linear_bandit,contextual,random,True,True,adaptive,0.2,0.02,37,static,|,1.0,configured_static,1201,9,4
H_no_compatible_donor,H: Ablate Compatible Donor (Random Donor + Full),202,25000,72,19,1679809.5,473782.5,40,60,33,37.63,664.4,86,173,261,350,350,linear_bandit,contextual,random,True,True,adaptive,0.2,0.02,37,static,|,1.0,configured_static,1146,9,4
H_no_compatible_donor,H: Ablate Compatible Donor (Random Donor + Full),303,25000,72,19,1763788.5,473782.5,127,146,33,37.6,664.9,86,173,261,350,350,linear_bandit,contextual,random,True,True,adaptive,0.2,0.02,37,static,|,1.0,configured_static,1183,9,4
H_no_compatible_donor,H: Ablate Compatible Donor (Random Donor + Full),404,25000,67,19,1636347.0,473782.5,39,61,31,35.89,696.6,86,173,261,350,350,linear_bandit,contextual,random,True,True,adaptive,0.2,0.02,37,static,|,1.0,configured_static,1161,9,4
H_no_compatible_donor,H: Ablate Compatible Donor (Random Donor + Full),505,25000,75,19,1745092.0,473782.5,415,462,36,44.03,567.8,86,173,261,350,350,linear_bandit,contextual,random,True,True,adaptive,0.2,0.02,37,static,|,1.0,configured_static,1180,9,4
I_no_field_splicing,I: Ablate Field Splicing (Splicing OFF + Full),101,25000,72,19,1725440.5,473782.5,203,211,33,34.68,720.8,86,173,261,350,350,linear_bandit,contextual,compatible,False,True,adaptive,0.2,0.02,37,static,|,1.0,configured_static,1176,9,4
I_no_field_splicing,I: Ablate Field Splicing (Splicing OFF + Full),202,25000,63,19,1560495.0,473782.5,29,39,27,25.55,978.4,86,173,261,350,350,linear_bandit,contextual,compatible,False,True,adaptive,0.2,0.02,37,static,|,1.0,configured_static,1191,9,4
I_no_field_splicing,I: Ablate Field Splicing (Splicing OFF + Full),303,25000,71,19,1743880.0,473782.5,102,252,32,29.44,849.1,86,173,261,350,350,linear_bandit,contextual,compatible,False,True,adaptive,0.2,0.02,37,static,|,1.0,configured_static,1180,9,4
I_no_field_splicing,I: Ablate Field Splicing (Splicing OFF + Full),404,25000,72,19,1644874.5,473782.5,364,382,33,29.92,835.5,86,173,261,350,350,linear_bandit,contextual,compatible,False,True,adaptive,0.2,0.02,37,static,|,1.0,configured_static,1195,9,4
I_no_field_splicing,I: Ablate Field Splicing (Splicing OFF + Full),505,25000,72,19,1705206.5,473782.5,180,192,33,29.51,847.1,86,173,261,350,350,linear_bandit,contextual,compatible,False,True,adaptive,0.2,0.02,37,static,|,1.0,configured_static,1196,9,4
J_no_adaptive_frontier,J: Ablate Adaptive Frontier (Fixed Frontier Rate 0.20),101,25000,73,19,1656681.0,473782.5,213,453,33,47.53,526.0,86,173,261,350,350,linear_bandit,contextual,compatible,True,True,fixed,0.2,0.2,0,static,|,1.0,configured_static,1432,9,4
J_no_adaptive_frontier,J: Ablate Adaptive Frontier (Fixed Frontier Rate 0.20),202,25000,70,19,1712401.5,473782.5,32,138,32,51.58,484.7,86,173,261,350,350,linear_bandit,contextual,compatible,True,True,fixed,0.2,0.2,0,static,|,1.0,configured_static,1432,9,4
J_no_adaptive_frontier,J: Ablate Adaptive Frontier (Fixed Frontier Rate 0.20),303,25000,74,19,1736466.5,473782.5,324,613,35,58.15,429.9,86,173,261,350,350,linear_bandit,contextual,compatible,True,True,fixed,0.2,0.2,0,static,|,1.0,configured_static,1432,11,4
J_no_adaptive_frontier,J: Ablate Adaptive Frontier (Fixed Frontier Rate 0.20),404,25000,71,19,1667363.0,473782.5,47,200,33,36.57,683.5,86,173,261,350,350,linear_bandit,contextual,compatible,True,True,fixed,0.2,0.2,0,static,|,1.0,configured_static,1432,9,4
J_no_adaptive_frontier,J: Ablate Adaptive Frontier (Fixed Frontier Rate 0.20),505,25000,72,19,1725164.5,473782.5,56,277,34,39.07,639.9,86,173,261,350,350,linear_bandit,contextual,compatible,True,True,fixed,0.2,0.2,0,static,|,1.0,configured_static,1432,10,4
K_no_auto_delimiter,K: Delimiter Generalization (Static vs Auto Delimiter),101,25000,74,19,1706609.5,473782.5,170,465,35,45.89,544.8,86,173,261,350,350,linear_bandit,contextual,compatible,True,True,adaptive,0.2,0.02,37,auto,|,1.0,"auto_detected: presence=1.00, freq=2.5/seed, avg_field_len=5.7b, prior=1.00",1207,9,4
K_no_auto_delimiter,K: Delimiter Generalization (Static vs Auto Delimiter),202,25000,73,19,1703561.0,473782.5,133,328,34,40.52,617.0,86,173,261,350,350,linear_bandit,contextual,compatible,True,True,adaptive,0.2,0.02,37,auto,|,1.0,"auto_detected: presence=1.00, freq=2.5/seed, avg_field_len=5.7b, prior=1.00",1149,9,4
K_no_auto_delimiter,K: Delimiter Generalization (Static vs Auto Delimiter),303,25000,76,19,1787554.5,473782.5,248,527,37,41.81,598.0,86,173,261,350,350,linear_bandit,contextual,compatible,True,True,adaptive,0.2,0.02,37,auto,|,1.0,"auto_detected: presence=1.00, freq=2.5/seed, avg_field_len=5.7b, prior=1.00",1191,9,4
K_no_auto_delimiter,K: Delimiter Generalization (Static vs Auto Delimiter),404,25000,72,19,1731386.5,473782.5,52,216,34,36.1,692.6,86,173,261,350,350,linear_bandit,contextual,compatible,True,True,adaptive,0.2,0.02,37,auto,|,1.0,"auto_detected: presence=1.00, freq=2.5/seed, avg_field_len=5.7b, prior=1.00",1218,9,4
K_no_auto_delimiter,K: Delimiter Generalization (Static vs Auto Delimiter),505,25000,67,19,1599304.0,473782.5,49,306,29,41.01,609.6,86,173,261,350,350,linear_bandit,contextual,compatible,True,True,adaptive,0.2,0.02,37,auto,|,1.0,"auto_detected: presence=1.00, freq=2.5/seed, avg_field_len=5.7b, prior=1.00",1168,9,4
