config,label,seed,total_executions,total_coverage,new_coverage_discoveries,max_depth,t14,t15,t16,t17,t18,t19,unique_crashes,crash_inputs,corpus_size,exec_per_sec,elapsed_time,coverage_auc,coverage_auc_normalized,depth_auc,depth_auc_normalized,dictionary_mutations,boundary_mutations,splice_mutations,timestamp
A_random_fixed,A: Random + Fixed,101,25000,64,23,16,0,2074,14339,,,,0,0,29,487.93242802966904,51.236602783203125,1498987.5,59.9595,383588.0,15.34352,7395,3715,0,2026-10-04 16:04:10
A_random_fixed,A: Random + Fixed,202,25000,61,22,14,0,,,,,,137,145,28,410.69552067572624,60.8723464012146,1442585.0,57.7034,350000.0,14.0,7529,3765,0,2026-10-04 16:05:11
A_random_fixed,A: Random + Fixed,303,25000,61,22,14,0,,,,,,172,205,28,373.076015476313,67.01047229766846,1469837.0,58.79348,350000.0,14.0,7558,3725,0,2026-10-04 16:06:19
A_random_fixed,A: Random + Fixed,404,25000,63,22,16,0,835,6545,,,,306,386,28,405.51336618657183,61.650249004364014,1528441.0,61.13764,392621.0,15.70484,7391,3776,0,2026-10-04 16:07:22
A_random_fixed,A: Random + Fixed,505,25000,62,23,15,0,15967,,,,,223,281,29,371.2372293116451,67.34238386154175,1463070.5,58.52282,359033.5,14.36134,7483,3769,0,2026-10-04 16:08:30
B_heuristic_fixed,B: Heuristic + Fixed,101,25000,62,21,15,0,1374,,,,,0,0,27,434.8559241781359,57.49030566215515,1515003.5,60.60014,373626.5,14.94506,7473,3691,0,2026-10-04 16:09:28
B_heuristic_fixed,B: Heuristic + Fixed,202,25000,63,23,15,0,11877,,,,,145,168,29,401.60570892172984,62.25011110305786,1466807.0,58.67228,363123.5,14.52494,7340,3669,0,2026-10-04 16:10:31
B_heuristic_fixed,B: Heuristic + Fixed,303,25000,60,22,14,0,,,,,,0,0,28,482.56820966221323,51.806147813797,1435815.5,57.43262,350000.0,14.0,7436,3682,0,2026-10-04 16:11:23
B_heuristic_fixed,B: Heuristic + Fixed,404,25000,63,23,15,0,2988,,,,,131,149,29,352.3798840760594,70.94616103172302,1465075.0,58.603,372012.5,14.8805,7344,3670,0,2026-10-04 16:12:36
B_heuristic_fixed,B: Heuristic + Fixed,505,25000,61,22,14,0,,,,,,167,193,28,429.07673144566894,58.2646369934082,1470328.0,58.81312,350000.0,14.0,7635,3864,0,2026-10-04 16:13:35
C_linear_bandit_fixed,C: LinearBandit + Fixed,101,25000,61,22,14,0,,,,,,200,258,28,221.7907828130232,112.71884107589722,1464468.0,58.57872,350000.0,14.0,7525,3735,0,2026-10-04 16:15:28
C_linear_bandit_fixed,C: LinearBandit + Fixed,202,25000,60,21,14,0,,,,,,375,463,27,215.3460460152171,116.09221744537354,1477957.5,59.1183,350000.0,14.0,7421,3669,0,2026-10-04 16:17:25
C_linear_bandit_fixed,C: LinearBandit + Fixed,303,25000,61,22,14,0,,,,,,381,473,28,205.9218534091685,121.40527868270874,1463030.0,58.5212,350000.0,14.0,7545,3799,0,2026-10-04 16:19:27
C_linear_bandit_fixed,C: LinearBandit + Fixed,404,25000,60,21,15,0,646,,,,,0,0,27,254.30946109381574,98.30542635917664,1434693.5,57.38774,374354.5,14.97418,7454,3727,0,2026-10-04 16:21:06
C_linear_bandit_fixed,C: LinearBandit + Fixed,505,25000,65,25,16,0,3411,17923,,,,453,582,31,212.9092353937206,117.42092800140381,1532258.0,61.29032,378667.0,15.14668,7548,3821,0,2026-10-04 16:23:05
D_random_ucb1,D: Random + UCB1,101,25000,62,22,15,0,1741,,,,,98,102,28,424.78114378380064,58.85383653640747,1473904.5,58.95618,373259.5,14.93038,8719,4435,0,2026-10-04 16:24:04
D_random_ucb1,D: Random + UCB1,202,25000,63,22,15,0,724,,,,,246,283,28,481.99587670347853,51.867663621902466,1517809.0,60.71236,374276.5,14.97106,8781,4504,0,2026-10-04 16:24:57
D_random_ucb1,D: Random + UCB1,303,25000,63,23,15,0,8558,,,,,134,153,29,671.9988683808118,37.20244359970093,1476496.0,59.05984,366442.5,14.6577,8895,4579,0,2026-10-04 16:25:34
D_random_ucb1,D: Random + UCB1,404,25000,61,22,14,0,,,,,,169,212,28,609.176643426098,41.03899955749512,1484105.0,59.3642,350000.0,14.0,8885,4518,0,2026-10-04 16:26:16
D_random_ucb1,D: Random + UCB1,505,25000,61,22,14,0,,,,,,232,284,28,626.9430537568081,39.87602996826172,1464136.0,58.56544,350000.0,14.0,8653,4517,0,2026-10-04 16:26:56
E_random_contextual,E: Random + Contextual,101,25000,61,22,14,0,,,,,,289,385,28,524.3163760022693,47.681135177612305,1500021.0,60.00084,350000.0,14.0,7961,4608,0,2026-10-04 16:27:44
E_random_contextual,E: Random + Contextual,202,25000,62,22,15,0,21814,,,,,261,272,28,548.0013586522027,45.6203248500824,1436251.5,57.45006,353186.5,14.12746,8258,5032,0,2026-10-04 16:28:31
E_random_contextual,E: Random + Contextual,303,25000,62,22,15,0,20109,,,,,67,107,28,603.1284192235335,41.45054221153259,1431394.5,57.25578,354891.5,14.19566,7692,3727,0,2026-10-04 16:29:12
E_random_contextual,E: Random + Contextual,404,25000,60,21,14,0,,,,,,73,369,27,511.2105167312389,48.90353226661682,1486923.5,59.47694,350000.0,14.0,7775,2940,0,2026-10-04 16:30:02
E_random_contextual,E: Random + Contextual,505,25000,63,23,15,0,5507,,,,,73,80,29,505.4704009864679,49.45888018608093,1498920.0,59.9568,369493.5,14.77974,7911,3922,0,2026-10-04 16:30:52
F_random_contextual_compatible,F: Random + Contextual + Compatible,101,25000,65,25,15,0,11034,,,,,245,265,31,401.8161986722855,62.217501640319824,1552868.0,62.11472,363966.5,14.55866,6316,2890,4249,2026-10-04 16:31:54
F_random_contextual_compatible,F: Random + Contextual + Compatible,202,25000,65,27,14,0,,,,,,181,205,33,526.3452678504676,47.497339725494385,1578388.0,63.13552,350000.0,14.0,5764,2097,3014,2026-10-04 16:32:42
F_random_contextual_compatible,F: Random + Contextual + Compatible,303,25000,60,22,14,0,,,,,,0,0,28,646.094046273457,38.69405722618103,1438745.5,57.54982,350000.0,14.0,4994,2127,3040,2026-10-04 16:33:21
F_random_contextual_compatible,F: Random + Contextual + Compatible,404,25000,64,24,15,0,3084,,,,,49,164,30,538.0963459286392,46.460081338882446,1539187.5,61.5675,371916.5,14.87666,5376,2597,5506,2026-10-04 16:34:08
F_random_contextual_compatible,F: Random + Contextual + Compatible,505,25000,65,27,14,0,,,,,,87,429,33,490.0227294249579,51.01804161071777,1507530.0,60.3012,350000.0,14.0,5096,2485,6422,2026-10-04 16:35:00
G_neurofuzz_full,G: NeuroFuzz Full (Bandit + Contextual + Compatible),101,25000,65,26,14,0,,,,,,490,973,32,214.10873566422578,116.76310133934021,1531695.0,61.2678,350000.0,14.0,5857,2512,5001,2026-10-04 16:36:58
G_neurofuzz_full,G: NeuroFuzz Full (Bandit + Contextual + Compatible),202,25000,64,25,15,0,577,,,,,170,479,31,237.33846366748423,105.33480167388916,1557473.5,62.29894,374423.5,14.97694,7678,3693,1976,2026-10-04 16:38:44
G_neurofuzz_full,G: NeuroFuzz Full (Bandit + Contextual + Compatible),303,25000,61,24,14,0,,,,,,0,0,30,1003.3717641680201,24.91598916053772,1468352.0,58.73408,350000.0,14.0,8610,5488,2545,2026-10-04 16:39:09
G_neurofuzz_full,G: NeuroFuzz Full (Bandit + Contextual + Compatible),404,25000,65,24,16,0,1754,4620,,,,0,0,30,902.1296804532948,27.712202072143555,1603015.0,64.1206,393627.0,15.74508,6925,3694,3575,2026-10-04 16:39:37
G_neurofuzz_full,G: NeuroFuzz Full (Bandit + Contextual + Compatible),505,25000,61,23,14,0,,,,,,837,1063,29,503.0921105780507,49.692689418792725,1460187.0,58.40748,350000.0,14.0,6635,2961,2436,2026-10-04 16:40:27
