config,label,seed,iterations,elapsed_sec,exec_rate,final_coverage,new_coverage,max_depth,coverage_auc,depth_auc,norm_cov_auc,norm_depth_auc,t14,t15,t16,t17,t18,t19,unique_crashes,total_crashes,final_corpus_size,dict_mutations,boundary_mutations,splice_mutations,frontier_mode,frontier_rate,frontier_attempts,frontier_unique_candidates,frontier_cov_discoveries,frontier_depth_discoveries,frontier_success_rate,frontier_avg_gen_cost_ms
A_random_fixed,A: Random + Fixed Baseline,101,25000,13.71,1823.8,64,23,16,1498987.5,383588.0,0.7138,0.8076,0,2074,14339,,,,0,0,29,7395,3715,0,False,0.0,0,0,0,0,0.0,0.0
A_random_fixed,A: Random + Fixed Baseline,202,25000,16.88,1480.9,61,22,14,1443464.0,350000.0,0.6874,0.7368,0,,,,,,133,140,28,7487,3752,0,False,0.0,0,0,0,0,0.0,0.0
A_random_fixed,A: Random + Fixed Baseline,303,25000,19.95,1253.2,61,21,14,1492362.0,350000.0,0.7106,0.7368,0,,,,,,282,343,27,7545,3677,0,False,0.0,0,0,0,0,0.0,0.0
A_random_fixed,A: Random + Fixed Baseline,404,25000,20.02,1248.8,62,22,16,1495147.5,386773.0,0.712,0.8143,0,839,12389,,,,304,379,28,7381,3788,0,False,0.0,0,0,0,0,0.0,0.0
A_random_fixed,A: Random + Fixed Baseline,505,25000,18.53,1349.4,61,23,14,1487219.0,350000.0,0.7082,0.7368,0,,,,,,221,263,29,7528,3803,0,False,0.0,0,0,0,0,0.0,0.0
B_neurofuzz_full,B: NeuroFuzz Full (No Frontier),101,25000,51.47,485.8,65,26,14,1531695.0,350000.0,0.7294,0.7368,0,,,,,,490,973,32,5857,2512,5001,False,0.0,0,0,0,0,0.0,0.0
B_neurofuzz_full,B: NeuroFuzz Full (No Frontier),202,25000,41.19,606.9,63,23,15,1517971.0,363884.5,0.7228,0.7661,0,11116,,,,,402,587,29,7342,3854,2932,False,0.0,0,0,0,0,0.0,0.0
B_neurofuzz_full,B: NeuroFuzz Full (No Frontier),303,25000,30.06,831.7,63,25,15,1529101.0,373520.5,0.7281,0.7864,0,1480,,,,,0,0,31,8663,5331,2803,False,0.0,0,0,0,0,0.0,0.0
B_neurofuzz_full,B: NeuroFuzz Full (No Frontier),404,25000,27.7,902.5,65,24,16,1603015.0,393627.0,0.7633,0.8287,0,1754,4620,,,,0,0,30,6925,3694,3575,False,0.0,0,0,0,0,0.0,0.0
B_neurofuzz_full,B: NeuroFuzz Full (No Frontier),505,25000,37.11,673.7,68,27,16,1577126.5,389997.0,0.751,0.821,0,3453,6551,,,,194,387,33,6512,3008,3011,False,0.0,0,0,0,0,0.0,0.0
C_frontier_full,C: NeuroFuzz Full + Frontier Extension,101,25000,37.7,663.1,73,27,19,1656681.0,473782.5,0.7889,0.9974,0,86,173,261,350,350,213,453,33,7627,4376,2951,True,0.2,1432,0,0,0,0.0,0.0
C_frontier_full,C: NeuroFuzz Full + Frontier Extension,202,25000,31.29,798.9,70,26,19,1712401.5,473782.5,0.8154,0.9974,0,86,173,261,350,350,32,138,32,9442,6094,1794,True,0.2,1432,0,0,0,0.0,0.0
C_frontier_full,C: NeuroFuzz Full + Frontier Extension,303,25000,38.55,648.6,74,29,19,1736466.5,473782.5,0.8269,0.9974,0,86,173,261,350,350,324,613,35,9201,5937,3459,True,0.2,1432,0,0,0,0.0,0.0
C_frontier_full,C: NeuroFuzz Full + Frontier Extension,404,25000,38.69,646.1,71,27,19,1667363.0,473782.5,0.794,0.9974,0,86,173,261,350,350,47,200,33,8659,3891,2330,True,0.2,1432,0,0,0,0.0,0.0
C_frontier_full,C: NeuroFuzz Full + Frontier Extension,505,25000,37.22,671.6,72,28,19,1725164.5,473782.5,0.8215,0.9974,0,86,173,261,350,350,56,277,34,9200,4821,2880,True,0.2,1432,0,0,0,0.0,0.0
