config,label,seed,iterations,final_coverage,max_depth,coverage_auc,depth_auc,unique_crashes,total_crashes,final_corpus_size,elapsed_time_s,exec_rate,t15,t16,t17,t18,t19,frontier_rate_mode,initial_rate,final_frontier_rate,rate_changes_count,delimiter_mode,active_delimiter,delimiter_confidence,delimiter_reason,frontier_attempts,frontier_cov_discoveries,frontier_depth_discoveries
A_baseline_p7c,"A: Phase 7C Baseline (Fixed 0.20, Static Delim)",101,25000,73,19,1656681.0,473782.5,213,453,33,47.53,526.0,86,173,261,350,350,fixed,0.2,0.2,0,static,|,1.0,configured_static,1432,9,4
A_baseline_p7c,"A: Phase 7C Baseline (Fixed 0.20, Static Delim)",202,25000,70,19,1712401.5,473782.5,32,138,32,51.58,484.7,86,173,261,350,350,fixed,0.2,0.2,0,static,|,1.0,configured_static,1432,9,4
A_baseline_p7c,"A: Phase 7C Baseline (Fixed 0.20, Static Delim)",303,25000,74,19,1736466.5,473782.5,324,613,35,58.15,429.9,86,173,261,350,350,fixed,0.2,0.2,0,static,|,1.0,configured_static,1432,11,4
A_baseline_p7c,"A: Phase 7C Baseline (Fixed 0.20, Static Delim)",404,25000,71,19,1667363.0,473782.5,47,200,33,36.57,683.5,86,173,261,350,350,fixed,0.2,0.2,0,static,|,1.0,configured_static,1432,9,4
A_baseline_p7c,"A: Phase 7C Baseline (Fixed 0.20, Static Delim)",505,25000,72,19,1725164.5,473782.5,56,277,34,39.07,639.9,86,173,261,350,350,fixed,0.2,0.2,0,static,|,1.0,configured_static,1432,10,4
B_adaptive_frontier,"B: Adaptive Frontier (Decay [0.02, 0.30], Static Delim)",101,25000,74,19,1706609.5,473782.5,170,465,35,44.56,561.0,86,173,261,350,350,adaptive,0.2,0.02,37,static,|,1.0,configured_static,1207,9,4
B_adaptive_frontier,"B: Adaptive Frontier (Decay [0.02, 0.30], Static Delim)",202,25000,73,19,1703561.0,473782.5,133,328,34,45.92,544.4,86,173,261,350,350,adaptive,0.2,0.02,37,static,|,1.0,configured_static,1149,9,4
B_adaptive_frontier,"B: Adaptive Frontier (Decay [0.02, 0.30], Static Delim)",303,25000,76,19,1787554.5,473782.5,248,527,37,45.7,547.1,86,173,261,350,350,adaptive,0.2,0.02,37,static,|,1.0,configured_static,1191,9,4
B_adaptive_frontier,"B: Adaptive Frontier (Decay [0.02, 0.30], Static Delim)",404,25000,72,19,1731386.5,473782.5,52,216,34,39.81,628.0,86,173,261,350,350,adaptive,0.2,0.02,37,static,|,1.0,configured_static,1218,9,4
B_adaptive_frontier,"B: Adaptive Frontier (Decay [0.02, 0.30], Static Delim)",505,25000,67,19,1599304.0,473782.5,49,306,29,41.83,597.6,86,173,261,350,350,adaptive,0.2,0.02,37,static,|,1.0,configured_static,1168,9,4
C_auto_delimiter,"C: Auto Delimiter (Fixed 0.20, Auto Delim)",101,25000,73,19,1656681.0,473782.5,213,453,33,53.09,470.9,86,173,261,350,350,fixed,0.2,0.2,0,auto,|,1.0,"auto_detected: presence=1.00, freq=2.5/seed, avg_field_len=5.7b, prior=1.00",1432,9,4
C_auto_delimiter,"C: Auto Delimiter (Fixed 0.20, Auto Delim)",202,25000,70,19,1712401.5,473782.5,32,138,32,42.32,590.8,86,173,261,350,350,fixed,0.2,0.2,0,auto,|,1.0,"auto_detected: presence=1.00, freq=2.5/seed, avg_field_len=5.7b, prior=1.00",1432,9,4
C_auto_delimiter,"C: Auto Delimiter (Fixed 0.20, Auto Delim)",303,25000,74,19,1736466.5,473782.5,324,613,35,50.25,497.6,86,173,261,350,350,fixed,0.2,0.2,0,auto,|,1.0,"auto_detected: presence=1.00, freq=2.5/seed, avg_field_len=5.7b, prior=1.00",1432,11,4
C_auto_delimiter,"C: Auto Delimiter (Fixed 0.20, Auto Delim)",404,25000,71,19,1667363.0,473782.5,47,200,33,40.05,624.2,86,173,261,350,350,fixed,0.2,0.2,0,auto,|,1.0,"auto_detected: presence=1.00, freq=2.5/seed, avg_field_len=5.7b, prior=1.00",1432,9,4
C_auto_delimiter,"C: Auto Delimiter (Fixed 0.20, Auto Delim)",505,25000,72,19,1725164.5,473782.5,56,277,34,39.73,629.3,86,173,261,350,350,fixed,0.2,0.2,0,auto,|,1.0,"auto_detected: presence=1.00, freq=2.5/seed, avg_field_len=5.7b, prior=1.00",1432,10,4
D_full_phase7d,D: Full Phase 7D (Adaptive Frontier + Auto Delim),101,25000,74,19,1706609.5,473782.5,170,465,35,45.89,544.8,86,173,261,350,350,adaptive,0.2,0.02,37,auto,|,1.0,"auto_detected: presence=1.00, freq=2.5/seed, avg_field_len=5.7b, prior=1.00",1207,9,4
D_full_phase7d,D: Full Phase 7D (Adaptive Frontier + Auto Delim),202,25000,73,19,1703561.0,473782.5,133,328,34,40.52,617.0,86,173,261,350,350,adaptive,0.2,0.02,37,auto,|,1.0,"auto_detected: presence=1.00, freq=2.5/seed, avg_field_len=5.7b, prior=1.00",1149,9,4
D_full_phase7d,D: Full Phase 7D (Adaptive Frontier + Auto Delim),303,25000,76,19,1787554.5,473782.5,248,527,37,41.81,598.0,86,173,261,350,350,adaptive,0.2,0.02,37,auto,|,1.0,"auto_detected: presence=1.00, freq=2.5/seed, avg_field_len=5.7b, prior=1.00",1191,9,4
D_full_phase7d,D: Full Phase 7D (Adaptive Frontier + Auto Delim),404,25000,72,19,1731386.5,473782.5,52,216,34,36.1,692.6,86,173,261,350,350,adaptive,0.2,0.02,37,auto,|,1.0,"auto_detected: presence=1.00, freq=2.5/seed, avg_field_len=5.7b, prior=1.00",1218,9,4
D_full_phase7d,D: Full Phase 7D (Adaptive Frontier + Auto Delim),505,25000,67,19,1599304.0,473782.5,49,306,29,41.01,609.6,86,173,261,350,350,adaptive,0.2,0.02,37,auto,|,1.0,"auto_detected: presence=1.00, freq=2.5/seed, avg_field_len=5.7b, prior=1.00",1168,9,4
